,System_Fingerprint
0,fp_43dfabdef1
1,fp_43dfabdef1
2,fp_43dfabdef1
3,fp_43dfabdef1
4,fp_43dfabdef1
5,fp_43dfabdef1
6,fp_43dfabdef1
7,fp_43dfabdef1
8,fp_43dfabdef1
9,fp_43dfabdef1
10,fp_43dfabdef1
11,fp_43dfabdef1
12,fp_43dfabdef1
13,fp_43dfabdef1
14,fp_43dfabdef1
15,fp_43dfabdef1
16,fp_43dfabdef1
17,fp_43dfabdef1
18,fp_43dfabdef1
19,fp_43dfabdef1
20,fp_43dfabdef1
21,fp_319be4768e
22,fp_43dfabdef1
23,fp_43dfabdef1
24,fp_43dfabdef1
25,fp_3196d36131
26,fp_43dfabdef1
27,fp_43dfabdef1
28,fp_43dfabdef1
29,fp_43dfabdef1
30,fp_43dfabdef1
31,fp_43dfabdef1
32,fp_43dfabdef1
33,fp_43dfabdef1
34,fp_43dfabdef1
35,fp_3196d36131
36,fp_43dfabdef1
37,fp_43dfabdef1
38,fp_43dfabdef1
39,fp_43dfabdef1
40,fp_43dfabdef1
41,fp_43dfabdef1
42,fp_43dfabdef1
43,fp_43dfabdef1
44,fp_43dfabdef1
45,fp_43dfabdef1
46,fp_43dfabdef1
47,fp_43dfabdef1
48,fp_43dfabdef1
49,fp_43dfabdef1
50,fp_43dfabdef1
51,fp_43dfabdef1
52,fp_43dfabdef1
53,fp_43dfabdef1
54,fp_43dfabdef1
55,fp_43dfabdef1
56,fp_43dfabdef1
57,fp_43dfabdef1
58,fp_43dfabdef1
59,fp_43dfabdef1
60,fp_3196d36131
61,fp_43dfabdef1
62,fp_43dfabdef1
63,fp_43dfabdef1
64,fp_3196d36131
65,fp_43dfabdef1
66,fp_43dfabdef1
67,fp_43dfabdef1
68,fp_43dfabdef1
69,fp_43dfabdef1
70,fp_43dfabdef1
71,fp_43dfabdef1
72,fp_43dfabdef1
73,fp_43dfabdef1
74,fp_43dfabdef1
75,fp_43dfabdef1
76,fp_43dfabdef1
77,fp_43dfabdef1
78,fp_43dfabdef1
79,fp_43dfabdef1
80,fp_43dfabdef1
81,fp_43dfabdef1
82,fp_43dfabdef1
83,fp_43dfabdef1
84,fp_43dfabdef1
85,fp_43dfabdef1
86,fp_43dfabdef1
87,fp_43dfabdef1
88,fp_3196d36131
89,fp_43dfabdef1
90,fp_43dfabdef1
91,fp_43dfabdef1
92,fp_43dfabdef1
93,fp_43dfabdef1
94,fp_43dfabdef1
95,fp_3196d36131
96,fp_43dfabdef1
97,fp_43dfabdef1
98,fp_43dfabdef1
99,fp_43dfabdef1
100,fp_43dfabdef1
101,fp_43dfabdef1
102,fp_43dfabdef1
103,fp_43dfabdef1
104,fp_43dfabdef1
105,fp_43dfabdef1
106,fp_43dfabdef1
107,fp_43dfabdef1
108,fp_43dfabdef1
109,fp_43dfabdef1
110,fp_43dfabdef1
111,fp_43dfabdef1
112,fp_43dfabdef1
